"query","search interest","increase percent"
"image to prompt",100,"20 %"
"prompt to image",96,"9 %"
"ai prompt image",73,"-10 %"
"image prompt ai",72,"-10 %"
"ai",72,"-10 %"
"ai prompt",71,"-10 %"
"ai image",71,"-9 %"
"ai image prompt",69,"-20 %"
"image to image ai",42,"40 %"
"image to prompt ai",41,"40 %"
"prompt to image ai",40,"30 %"
"prompt from image",26,"-3 %"
"image generator",19,"-50 %"
"prompt generator",19,"-50 %"
"image prompt generator",19,"-50 %"
"prompt image generator",17,"-60 %"
"image to video",14,"140 %"
"ai image generator",13,"-50 %"
"ai prompt generator",13,"-50 %"
"ai image prompt generator",13,"-50 %"
"image generator ai",13,"-50 %"
"ai prompt image generator",13,"-60 %"
"ai prompt generator image",13,"-50 %"
"prompt ai image generator",13,"-60 %"
"ai image generator prompt",12,"-60 %"
"image to text",11,"-10 %"
"image to text prompt",11,"-10 %"
"chatgpt image prompt",10,"30 %"
"chatgpt",10,"30 %"
"gemini",9,"500 %"
"image to prompt generator",8,"-50 %"
"image to prompt free",8,"-6 %"
"image to video ai",7,"90 %"
"ai image to video",7,"80 %"
"prompt engineering",6,"100 %"
"ai image prompt examples",6,"250 %"
"google ai",5,"120 %"
"prompt to image ai free",5,"-20 %"
"text to image ai",5,"-7 %"
"openai",5,"160 %"
"image editor",5,"-40 %"
"prompt for ai image generator",5,"-20 %"
"midjourney image prompt",5,"-70 %"
"midjourney",5,"-70 %"
"nano banana",4,"Breakout"
"image search",4,"40 %"
"gemini ai prompt",4,"400 %"
"gemini ai",4,"350 %"
"ai prompt image editor",4,"-40 %"
"grok",4,"400 %"